{"cameraMode":{"drawMode":0,"name":"Shaded","section":"Shading Mode"},"sceneLighting":false,"audioPlay":false,"sceneViewState":{"m_AlwaysRefresh":false,"showFog":true,"showSkybox":false,"showFlares":true,"showImageEffects":true,"showParticleSystems":true,"showVisualEffectGraphs":true,"m_FxEnabled":true},"in2DMode":false,"pivot":{"x":-13.494433403015137,"y":0.6556521654129028,"z":12.174661636352539},"rotation":{"x":0.006082724314182997,"y":0.9908804297447205,"z":-0.12582778930664063,"w":0.047898195683956149},"size":2.4645283222198488,"orthographic":true}