{"cameraMode":{"drawMode":0,"name":"Shaded","section":"Shading Mode"},"sceneLighting":false,"audioPlay":false,"sceneViewState":{"m_AlwaysRefresh":false,"showFog":true,"showSkybox":false,"showFlares":true,"showImageEffects":true,"showParticleSystems":true,"showVisualEffectGraphs":true,"m_FxEnabled":true},"in2DMode":false,"pivot":{"x":0.026530032977461816,"y":0.18339818716049195,"z":0.02233818918466568},"rotation":{"x":0.6752457618713379,"y":-0.004429074935615063,"z":0.0040549892000854019,"w":0.7375749945640564},"size":0.2792750597000122,"orthographic":false}