{"cameraMode":{"drawMode":0,"name":"Shaded","section":"Shading Mode"},"sceneLighting":false,"audioPlay":false,"sceneViewState":{"m_AlwaysRefresh":false,"showFog":true,"showSkybox":false,"showFlares":true,"showImageEffects":true,"showParticleSystems":true,"showVisualEffectGraphs":true,"m_FxEnabled":true},"in2DMode":false,"pivot":{"x":-0.02333119511604309,"y":0.34412723779678347,"z":0.004460811614990234},"rotation":{"x":0.10613995790481568,"y":-0.6974641680717468,"z":0.10563105344772339,"w":0.7008098363876343},"size":0.6138302087783814,"orthographic":false}