{"cameraMode":{"drawMode":0,"name":"Shaded","section":"Shading Mode"},"sceneLighting":false,"audioPlay":false,"sceneViewState":{"m_AlwaysRefresh":false,"showFog":true,"showSkybox":false,"showFlares":true,"showImageEffects":true,"showParticleSystems":true,"showVisualEffectGraphs":true,"m_FxEnabled":true},"in2DMode":false,"pivot":{"x":-0.002646923065185547,"y":1.3802602291107178,"z":-0.10593339800834656},"rotation":{"x":0.012539633549749852,"y":0.77375727891922,"z":-0.6331772804260254,"w":0.015323215164244175},"size":3.4954843521118166,"orthographic":false}