{"cameraMode":{"drawMode":0,"name":"Shaded","section":"Shading Mode"},"sceneLighting":false,"audioPlay":false,"sceneViewState":{"m_AlwaysRefresh":false,"showFog":true,"showSkybox":false,"showFlares":true,"showImageEffects":true,"showParticleSystems":true,"showVisualEffectGraphs":true,"m_FxEnabled":true},"in2DMode":false,"pivot":{"x":-0.013217687606811524,"y":-0.010096803307533265,"z":0.10049104690551758},"rotation":{"x":0.10613995790481568,"y":-0.6974641680717468,"z":0.10563105344772339,"w":0.7008098363876343},"size":3.9060301780700685,"orthographic":false}