{"cameraMode":{"drawMode":0,"name":"Shaded","section":"Shading Mode"},"sceneLighting":false,"audioPlay":false,"sceneViewState":{"m_AlwaysRefresh":false,"showFog":true,"showSkybox":false,"showFlares":true,"showImageEffects":true,"showParticleSystems":true,"showVisualEffectGraphs":true,"m_FxEnabled":true},"in2DMode":false,"pivot":{"x":1.1112685203552247,"y":0.094582200050354,"z":6.596025466918945},"rotation":{"x":0.026047861203551294,"y":0.9709171056747437,"z":-0.20269405841827393,"w":0.12476426362991333},"size":1.288830280303955,"orthographic":false}