{"cameraMode":{"drawMode":0,"name":"Shaded","section":"Shading Mode"},"sceneLighting":false,"audioPlay":false,"sceneViewState":{"m_AlwaysRefresh":false,"showFog":true,"showSkybox":false,"showFlares":true,"showImageEffects":true,"showParticleSystems":true,"showVisualEffectGraphs":true,"m_FxEnabled":true},"in2DMode":false,"pivot":{"x":-0.41116291284561159,"y":0.0847352147102356,"z":2.719512462615967},"rotation":{"x":-0.6587737798690796,"y":-0.13743847608566285,"z":0.7291975617408752,"w":-0.12417007982730866},"size":1.1583110094070435,"orthographic":true}